Date Time, CO(ppm), NO2(ppm), O3(ppm)
02 Dec 2021 11:44,0,,
02 Dec 2021 11:45,0,,
02 Dec 2021 11:46,0,,
02 Dec 2021 11:47,0,,
02 Dec 2021 11:48,0,,
02 Dec 2021 11:49,0,,
02 Dec 2021 11:50,0,,
02 Dec 2021 11:51,0,,
02 Dec 2021 11:52,0,,
02 Dec 2021 11:53,0,,
02 Dec 2021 11:54,0,,
02 Dec 2021 11:55,0,,
02 Dec 2021 11:56,0,,
02 Dec 2021 11:57,0,,
02 Dec 2021 11:58,0,,
02 Dec 2021 11:59,0,,
02 Dec 2021 12:00,0,,
02 Dec 2021 12:01,0,,
02 Dec 2021 12:02,0,,
02 Dec 2021 12:03,0,,
02 Dec 2021 12:04,0.09,,
02 Dec 2021 12:05,0,,
02 Dec 2021 12:06,0.63,,
02 Dec 2021 12:07,3.1,,
02 Dec 2021 12:08,4.26,,
02 Dec 2021 12:09,4.61,,
02 Dec 2021 12:10,5.27,,
02 Dec 2021 12:11,3.24,,
02 Dec 2021 12:12,1.8,,
02 Dec 2021 12:13,1.02,,
02 Dec 2021 12:14,0.04,,
02 Dec 2021 12:15,0,,
02 Dec 2021 12:16,0,,
02 Dec 2021 12:17,0,,
02 Dec 2021 12:18,0,,
02 Dec 2021 12:19,0,,
02 Dec 2021 12:20,3.16,,
02 Dec 2021 12:21,4.11,,
02 Dec 2021 12:22,4.33,,
02 Dec 2021 12:23,1.75,,
02 Dec 2021 12:24,0.6,,
02 Dec 2021 12:25,0,,
02 Dec 2021 12:26,1.56,,
02 Dec 2021 12:27,0,,
02 Dec 2021 12:28,0,,
02 Dec 2021 12:29,0,,
02 Dec 2021 12:30,0,,
02 Dec 2021 12:31,0,,
02 Dec 2021 12:32,2.74,,
02 Dec 2021 12:33,3.7,,
02 Dec 2021 12:34,4.41,,
02 Dec 2021 12:35,3.01,,
02 Dec 2021 12:36,3.06,,
02 Dec 2021 12:37,4.39,,
02 Dec 2021 12:38,4.91,,
02 Dec 2021 12:39,1.59,,
02 Dec 2021 12:40,0,,
02 Dec 2021 12:41,0,,
02 Dec 2021 12:42,0,,
02 Dec 2021 12:43,0,,
02 Dec 2021 12:44,0,,
02 Dec 2021 12:45,0,,
02 Dec 2021 12:46,0,,
02 Dec 2021 12:47,0,,
02 Dec 2021 12:48,4.59,,
02 Dec 2021 12:49,6.03,,
02 Dec 2021 12:50,8.53,,
02 Dec 2021 12:51,9.31,,
02 Dec 2021 12:52,11.87,,
02 Dec 2021 12:53,10.94,,
02 Dec 2021 12:54,11.65,,
02 Dec 2021 12:55,9.79,,
02 Dec 2021 12:56,8.89,,
02 Dec 2021 12:57,8.15,,
02 Dec 2021 12:58,5.83,,
02 Dec 2021 12:59,4.63,,
02 Dec 2021 13:00,4.14,,
02 Dec 2021 13:01,3.76,,
03 Dec 2021 10:08,0,,
03 Dec 2021 10:09,0,,
03 Dec 2021 10:10,0,,
03 Dec 2021 10:11,0,,
03 Dec 2021 10:12,0,,
03 Dec 2021 10:13,0,,
03 Dec 2021 10:14,0,,
03 Dec 2021 10:15,0,,
03 Dec 2021 10:16,0,,
03 Dec 2021 10:17,0,,
03 Dec 2021 10:18,0,,
03 Dec 2021 10:19,0,,
03 Dec 2021 10:20,0,,
03 Dec 2021 10:21,0,,
03 Dec 2021 10:22,0,,
03 Dec 2021 10:23,1,,
03 Dec 2021 10:24,0.71,,
03 Dec 2021 10:25,1.48,,
03 Dec 2021 10:26,0,,
03 Dec 2021 10:27,0,,
03 Dec 2021 10:28,0,,
03 Dec 2021 10:29,1.14,,
03 Dec 2021 10:30,2.43,,
03 Dec 2021 10:31,4.99,,
03 Dec 2021 10:32,4.91,,
03 Dec 2021 10:33,4.34,,
03 Dec 2021 10:34,5.95,,
03 Dec 2021 10:35,3.28,,
03 Dec 2021 10:36,1.62,,
03 Dec 2021 10:37,2.44,,
03 Dec 2021 10:38,1.72,,
03 Dec 2021 10:39,1.78,,
03 Dec 2021 10:40,2.17,,
03 Dec 2021 10:41,1.43,,
03 Dec 2021 10:42,1.71,,
03 Dec 2021 10:43,2.59,,
03 Dec 2021 10:44,2.42,,
03 Dec 2021 10:45,2.96,,
03 Dec 2021 10:46,3.53,,
03 Dec 2021 10:47,4.13,,
03 Dec 2021 10:48,4.1,,
03 Dec 2021 10:49,5.27,,
03 Dec 2021 10:50,3.87,,
03 Dec 2021 10:51,3.82,,
03 Dec 2021 10:52,4.45,,
03 Dec 2021 10:53,4.14,,
03 Dec 2021 10:54,3.24,,
03 Dec 2021 10:55,3.86,,
03 Dec 2021 10:56,3.12,,
03 Dec 2021 10:57,2.25,,
03 Dec 2021 10:58,3.82,,
03 Dec 2021 10:59,3.03,,
03 Dec 2021 11:00,4.03,,
03 Dec 2021 11:01,5.64,,
03 Dec 2021 11:02,5.07,,
03 Dec 2021 11:03,4.17,,
03 Dec 2021 11:04,3.63,,
03 Dec 2021 11:05,5.91,,
03 Dec 2021 11:06,5.67,,
03 Dec 2021 11:07,2.53,,
03 Dec 2021 11:08,2.18,,
03 Dec 2021 11:09,2.93,,
03 Dec 2021 11:10,4.64,,
03 Dec 2021 11:11,5.12,,
03 Dec 2021 11:12,9.29,,
03 Dec 2021 11:13,1.79,,
03 Dec 2021 11:14,1.26,,
03 Dec 2021 11:15,0,,
03 Dec 2021 11:16,0,,
03 Dec 2021 11:17,0.25,,
03 Dec 2021 11:18,0,,
03 Dec 2021 11:19,0,,
03 Dec 2021 11:20,0,,
03 Dec 2021 11:21,0,,
03 Dec 2021 11:22,0,,
03 Dec 2021 11:23,0,,
03 Dec 2021 11:24,0.95,,
03 Dec 2021 11:25,2.16,,
03 Dec 2021 11:26,2.44,,
03 Dec 2021 11:27,1.69,,
03 Dec 2021 11:28,2.04,,
03 Dec 2021 11:29,2.46,,
03 Dec 2021 11:30,1.87,,
03 Dec 2021 11:31,2.81,,
03 Dec 2021 11:32,2.01,,
03 Dec 2021 11:33,1.42,,
03 Dec 2021 11:34,1.44,,
03 Dec 2021 11:35,0,,
03 Dec 2021 11:36,0.74,,
03 Dec 2021 11:37,1.45,,
03 Dec 2021 11:38,2.73,,
03 Dec 2021 11:39,2.81,,
03 Dec 2021 11:40,3.32,,
03 Dec 2021 11:41,2.65,,
03 Dec 2021 11:42,0,,
03 Dec 2021 11:43,0,,
03 Dec 2021 14:13,0,,
03 Dec 2021 14:14,0,,
03 Dec 2021 14:15,0,,
03 Dec 2021 14:16,0,,
03 Dec 2021 14:17,0,,
03 Dec 2021 14:18,0,,
03 Dec 2021 14:19,0,,
03 Dec 2021 14:20,0,,
03 Dec 2021 14:21,0,,
03 Dec 2021 14:22,0,,
03 Dec 2021 14:23,0,,
03 Dec 2021 14:24,0,,
03 Dec 2021 14:25,0,,
03 Dec 2021 14:26,0,,
03 Dec 2021 14:27,0,,
03 Dec 2021 14:28,0,,
03 Dec 2021 14:29,0,,
03 Dec 2021 14:30,0,,
03 Dec 2021 14:31,0,,
03 Dec 2021 14:32,0,,
03 Dec 2021 14:33,0,,
03 Dec 2021 14:34,0,,
03 Dec 2021 14:35,0,,
03 Dec 2021 14:36,0,,
03 Dec 2021 14:37,0,,
03 Dec 2021 14:38,0,,
03 Dec 2021 14:39,0,,
03 Dec 2021 14:40,0,,
03 Dec 2021 14:41,0,,
03 Dec 2021 14:42,0.76,,
03 Dec 2021 14:43,0,,
03 Dec 2021 14:44,0,,
03 Dec 2021 14:45,0,,
03 Dec 2021 14:46,0,,
03 Dec 2021 14:47,0,,
03 Dec 2021 14:48,0,,
03 Dec 2021 14:49,0,,
03 Dec 2021 14:50,0,,
03 Dec 2021 14:51,0,,
03 Dec 2021 14:52,0,,
03 Dec 2021 14:53,0,,
03 Dec 2021 14:54,0,,
03 Dec 2021 14:55,0,,
03 Dec 2021 14:56,0,,
03 Dec 2021 14:57,1.57,,
03 Dec 2021 14:58,3.31,,
03 Dec 2021 14:59,5.2,,
03 Dec 2021 15:00,2.31,,
03 Dec 2021 15:01,2.5,,
03 Dec 2021 15:02,4.93,,
03 Dec 2021 15:03,3.17,,
03 Dec 2021 15:04,2.38,,
03 Dec 2021 15:05,3.57,,
03 Dec 2021 15:06,5.85,,
03 Dec 2021 15:07,1.72,,
03 Dec 2021 15:08,1.38,,
03 Dec 2021 15:09,3.35,,
03 Dec 2021 15:10,4.57,,
03 Dec 2021 15:11,3.02,,
03 Dec 2021 15:12,1.35,,
03 Dec 2021 15:13,1.48,,
03 Dec 2021 15:14,2.45,,
03 Dec 2021 15:15,1.82,,
03 Dec 2021 15:16,2.3,,
03 Dec 2021 15:17,2.67,,
03 Dec 2021 15:18,4.94,,
03 Dec 2021 15:19,2.53,,
03 Dec 2021 15:20,3.18,,
03 Dec 2021 15:21,4.08,,
03 Dec 2021 15:22,4.15,,
03 Dec 2021 15:23,8.6,,
03 Dec 2021 15:24,4.4,,
03 Dec 2021 15:25,2.98,,
03 Dec 2021 15:26,2.62,,
03 Dec 2021 15:27,3.93,,
03 Dec 2021 15:28,4.19,,
03 Dec 2021 15:29,5.61,,
03 Dec 2021 15:30,5.21,,
03 Dec 2021 15:31,11.29,,
03 Dec 2021 15:32,10.25,,
03 Dec 2021 15:33,15.43,,
03 Dec 2021 15:34,10.65,,
03 Dec 2021 15:35,7.23,,
03 Dec 2021 15:36,5.85,,
03 Dec 2021 15:37,6.7,,
03 Dec 2021 15:38,3.88,,
03 Dec 2021 15:39,5.91,,
03 Dec 2021 15:40,4.56,,
03 Dec 2021 15:41,4.38,,
03 Dec 2021 15:42,4.46,,
03 Dec 2021 15:43,4.56,,
03 Dec 2021 15:44,4.38,,
03 Dec 2021 15:45,3.56,,
03 Dec 2021 15:46,2.51,,
03 Dec 2021 15:47,1.48,,
03 Dec 2021 15:48,2.4,,
03 Dec 2021 15:49,7.28,,
03 Dec 2021 15:50,4.27,,
03 Dec 2021 15:51,7.33,,
03 Dec 2021 15:52,4.5,,
03 Dec 2021 15:53,5.71,,
03 Dec 2021 15:54,5.39,,
03 Dec 2021 15:55,5.59,,
03 Dec 2021 15:56,3.12,,
03 Dec 2021 15:57,2.84,,
03 Dec 2021 15:58,3.06,,
03 Dec 2021 15:59,2.61,,
03 Dec 2021 16:00,2.64,,
03 Dec 2021 16:01,3.15,,
03 Dec 2021 16:02,3.01,,
03 Dec 2021 16:03,2.78,,
03 Dec 2021 16:04,2.47,,
03 Dec 2021 16:05,3.05,,
03 Dec 2021 16:06,2.68,,
03 Dec 2021 16:07,4.21,,
03 Dec 2021 16:08,4.08,,
03 Dec 2021 16:09,3.96,,
03 Dec 2021 16:10,4.48,,
03 Dec 2021 16:11,7.62,,
03 Dec 2021 16:12,4.9,,
03 Dec 2021 16:13,3.59,,
03 Dec 2021 16:14,2.82,,
03 Dec 2021 16:15,1.85,,
03 Dec 2021 16:16,2.49,,
03 Dec 2021 16:17,3.27,,
03 Dec 2021 16:18,2.27,,
03 Dec 2021 16:19,4.98,,
03 Dec 2021 16:20,5.36,,
03 Dec 2021 16:21,4.31,,
03 Dec 2021 16:22,7.18,,
03 Dec 2021 16:23,3.86,,
03 Dec 2021 16:24,6.35,,
03 Dec 2021 16:25,5.08,,
03 Dec 2021 16:26,4.52,,
03 Dec 2021 16:27,3.58,,
03 Dec 2021 16:28,5.63,,
03 Dec 2021 16:29,1.73,,
03 Dec 2021 16:30,1.12,,
03 Dec 2021 16:31,1.09,,
03 Dec 2021 16:32,1.08,,
04 Dec 2021 10:28,0,,
04 Dec 2021 10:29,0,,
04 Dec 2021 10:30,0,,
04 Dec 2021 10:31,0,,
04 Dec 2021 10:32,0,,
04 Dec 2021 10:33,0,,
04 Dec 2021 10:34,0,,
04 Dec 2021 10:35,0,,
04 Dec 2021 10:36,0,,
04 Dec 2021 10:37,0,,
04 Dec 2021 10:38,0,,
04 Dec 2021 10:39,0,,
04 Dec 2021 10:40,0,,
04 Dec 2021 10:41,0,,
04 Dec 2021 10:42,0,,
04 Dec 2021 10:43,0,,
04 Dec 2021 10:44,0,,
04 Dec 2021 10:45,0,,
04 Dec 2021 10:46,0,,
04 Dec 2021 10:47,0,,
04 Dec 2021 10:48,0.73,,
04 Dec 2021 10:49,0.67,,
04 Dec 2021 10:50,2.31,,
04 Dec 2021 10:51,0.91,,
04 Dec 2021 10:52,0,,
04 Dec 2021 10:53,0.84,,
04 Dec 2021 10:54,0,,
04 Dec 2021 10:55,0,,
04 Dec 2021 10:56,0,,
04 Dec 2021 10:57,0,,
04 Dec 2021 10:58,0,,
04 Dec 2021 10:59,0,,
04 Dec 2021 11:00,0,,
04 Dec 2021 11:01,0.01,,
04 Dec 2021 11:02,0,,
04 Dec 2021 11:03,0.36,,
04 Dec 2021 11:04,0,,
04 Dec 2021 11:05,0,,
04 Dec 2021 11:06,0,,
04 Dec 2021 11:07,0.52,,
04 Dec 2021 11:08,0.16,,
04 Dec 2021 11:09,0,,
04 Dec 2021 11:10,0,,
04 Dec 2021 11:11,0,,
04 Dec 2021 11:12,0.41,,
04 Dec 2021 11:13,0,,
04 Dec 2021 11:14,0,,
04 Dec 2021 11:15,0,,
04 Dec 2021 11:16,1.77,,
04 Dec 2021 11:17,2.27,,
04 Dec 2021 11:18,0,,
04 Dec 2021 11:19,0,,
04 Dec 2021 11:20,0,,
04 Dec 2021 11:21,0.05,,
04 Dec 2021 11:22,0,,
04 Dec 2021 11:23,3.05,,
04 Dec 2021 11:24,0.94,,
04 Dec 2021 11:25,0.32,,
04 Dec 2021 11:26,1.81,,
04 Dec 2021 11:27,0,,
04 Dec 2021 11:28,0,,
04 Dec 2021 11:29,2.47,,
04 Dec 2021 11:30,3.36,,
04 Dec 2021 11:31,3.19,,
04 Dec 2021 11:32,2.16,,
04 Dec 2021 11:33,0,,
04 Dec 2021 11:34,1.14,,
04 Dec 2021 11:35,0,,
04 Dec 2021 11:36,0,,
04 Dec 2021 11:37,3.94,,
04 Dec 2021 11:38,5,,
04 Dec 2021 11:39,6.83,,
04 Dec 2021 11:40,9.01,,
04 Dec 2021 11:41,6.76,,
04 Dec 2021 11:42,6.49,,
04 Dec 2021 11:43,4.55,,
04 Dec 2021 11:44,3.23,,
04 Dec 2021 11:45,3.68,,
04 Dec 2021 11:46,3.61,,
04 Dec 2021 11:47,5.56,,
04 Dec 2021 11:48,4.23,,
04 Dec 2021 11:49,1.34,,
04 Dec 2021 11:50,1.04,,
04 Dec 2021 11:51,1.55,,
04 Dec 2021 11:52,4.09,,
04 Dec 2021 11:53,4.45,,
04 Dec 2021 11:54,4.84,,
04 Dec 2021 11:55,3.13,,
04 Dec 2021 11:56,0.98,,
04 Dec 2021 11:57,1.43,,
04 Dec 2021 11:58,0.54,,
04 Dec 2021 11:59,1.27,,
04 Dec 2021 12:00,0.57,,
04 Dec 2021 12:01,0.54,,
04 Dec 2021 12:02,0,,
04 Dec 2021 12:03,0,,
04 Dec 2021 12:04,0,,
04 Dec 2021 12:05,0,,
04 Dec 2021 12:06,0,,
04 Dec 2021 12:07,0,,
04 Dec 2021 12:08,0.86,,
04 Dec 2021 12:09,0,,
04 Dec 2021 12:10,0.19,,
04 Dec 2021 12:11,1.81,,
04 Dec 2021 12:12,1.64,,
04 Dec 2021 12:13,1.27,,
04 Dec 2021 12:14,3.04,,
04 Dec 2021 12:15,2.99,,
04 Dec 2021 12:16,7.33,,
04 Dec 2021 12:17,9.53,,
04 Dec 2021 12:18,5.02,,
04 Dec 2021 12:19,3.73,,
04 Dec 2021 12:20,2.79,,
04 Dec 2021 12:21,0.75,,
04 Dec 2021 12:22,0,,
04 Dec 2021 12:23,0,,
04 Dec 2021 12:24,0,,
04 Dec 2021 12:25,1.29,,
04 Dec 2021 12:26,0,,
04 Dec 2021 12:27,1.93,,
04 Dec 2021 12:28,3.82,,
04 Dec 2021 12:29,5.09,,
04 Dec 2021 12:30,7.7,,
04 Dec 2021 12:31,6.89,,
04 Dec 2021 12:32,10.9,,
04 Dec 2021 12:33,2.89,,
04 Dec 2021 12:34,7.76,,
04 Dec 2021 12:35,7.21,,
04 Dec 2021 12:36,4.3,,
04 Dec 2021 12:37,1.88,,
04 Dec 2021 12:38,2.62,,
04 Dec 2021 12:39,4.04,,
04 Dec 2021 12:40,11.95,,
04 Dec 2021 12:41,7.9,,
04 Dec 2021 12:42,2.89,,
04 Dec 2021 12:43,0,,
04 Dec 2021 12:44,3.19,,
04 Dec 2021 12:45,0,,
04 Dec 2021 12:46,0,,
04 Dec 2021 12:47,0,,
04 Dec 2021 12:48,3.54,,
04 Dec 2021 12:49,7.22,,
04 Dec 2021 12:50,14.69,,
04 Dec 2021 12:51,13.2,,
04 Dec 2021 12:52,11.6,,
04 Dec 2021 12:53,11.3,,
04 Dec 2021 12:54,12.14,,
04 Dec 2021 12:55,9.58,,
04 Dec 2021 12:56,8.02,,
04 Dec 2021 12:57,7.44,,
04 Dec 2021 12:58,4.55,,
04 Dec 2021 12:59,4.64,,
04 Dec 2021 13:00,4.29,,
04 Dec 2021 13:01,4,,
04 Dec 2021 13:02,3.55,,
04 Dec 2021 13:03,3.14,,
04 Dec 2021 13:04,4.5,,
04 Dec 2021 13:05,2.72,,
04 Dec 2021 13:06,3.06,,
04 Dec 2021 13:07,0,,
06 Dec 2021 10:29,0,0.054,
06 Dec 2021 10:30,0,0.039,
06 Dec 2021 10:31,0,0.032,
06 Dec 2021 10:32,0,0.034,
06 Dec 2021 10:33,0,0.032,
06 Dec 2021 10:34,0,0.042,
06 Dec 2021 10:35,0,0.036,
06 Dec 2021 10:36,0,0.033,
06 Dec 2021 10:37,0,0.031,
06 Dec 2021 10:38,0,0.039,
06 Dec 2021 10:39,0,0.035,
06 Dec 2021 10:40,0,0.044,
06 Dec 2021 10:41,0,0.042,
06 Dec 2021 10:42,0,0.041,
06 Dec 2021 10:43,0,0.045,
06 Dec 2021 10:44,0,0.038,
06 Dec 2021 10:45,0,0.046,
06 Dec 2021 10:46,0,0.036,
06 Dec 2021 10:47,0,0.055,
06 Dec 2021 10:48,0,0.042,
06 Dec 2021 10:49,0,0.019,
06 Dec 2021 10:50,0,0.049,
06 Dec 2021 10:51,0,0.029,
06 Dec 2021 10:52,0,0.04,
06 Dec 2021 10:53,0,0.068,
06 Dec 2021 10:54,0,0.055,
06 Dec 2021 10:55,0,0.054,
06 Dec 2021 10:56,0,0.129,
06 Dec 2021 10:57,0,0.081,
06 Dec 2021 10:58,0,0.067,
06 Dec 2021 10:59,0,0.073,
06 Dec 2021 11:00,0,0.088,
06 Dec 2021 11:01,0,0.034,
06 Dec 2021 11:02,0,0.064,
06 Dec 2021 11:03,0,0.086,
06 Dec 2021 11:04,0,0.075,
06 Dec 2021 11:05,0,0.079,
06 Dec 2021 11:06,1.37,0.102,
06 Dec 2021 11:07,2.07,0.094,
06 Dec 2021 11:08,2.56,0.119,
06 Dec 2021 11:09,0.83,0.116,
06 Dec 2021 11:10,0,0.109,
06 Dec 2021 11:11,0,0.08,
06 Dec 2021 11:12,8.84,0.089,
06 Dec 2021 11:13,7.57,0.082,
06 Dec 2021 11:14,8.57,0.077,
06 Dec 2021 11:15,5.02,0.065,
06 Dec 2021 11:16,4.25,0.086,
06 Dec 2021 11:17,4,0.085,
06 Dec 2021 11:18,3.14,0.087,
06 Dec 2021 11:19,1.02,0.081,
06 Dec 2021 11:20,1.62,0.061,
06 Dec 2021 11:21,0,0.058,
06 Dec 2021 11:22,0,0.06,
06 Dec 2021 11:23,0,0.106,
06 Dec 2021 11:24,0,0.077,
06 Dec 2021 11:25,0,0.076,
06 Dec 2021 11:26,0,0.089,
06 Dec 2021 11:27,0,0.079,
06 Dec 2021 11:28,0,0.079,
06 Dec 2021 11:29,0.57,0.085,
06 Dec 2021 11:30,2.37,0.077,
06 Dec 2021 11:31,1.97,0.097,
06 Dec 2021 11:32,0.95,0.09,
06 Dec 2021 11:33,0.24,0.088,
06 Dec 2021 11:34,0,0.094,
06 Dec 2021 11:35,0.37,0.107,
06 Dec 2021 11:36,3.69,0.131,
06 Dec 2021 11:37,0.53,0.105,
06 Dec 2021 11:38,0,0.113,
06 Dec 2021 11:39,0,0.131,
06 Dec 2021 11:40,0,0.176,
06 Dec 2021 11:41,0,0.134,
06 Dec 2021 11:42,0,0.108,
06 Dec 2021 11:43,0,0.104,
06 Dec 2021 11:44,0,0.087,
06 Dec 2021 11:45,0,0.101,
06 Dec 2021 11:46,1.93,0.094,
06 Dec 2021 11:47,5.22,0.083,
06 Dec 2021 11:48,8.72,0.115,
06 Dec 2021 11:49,6.71,0.12,
06 Dec 2021 11:50,3.4,0.119,
06 Dec 2021 11:51,1.44,0.123,
06 Dec 2021 11:52,0,0.084,
06 Dec 2021 11:53,0.75,0.1,
06 Dec 2021 11:54,0,0.135,
06 Dec 2021 11:55,0,0.106,
06 Dec 2021 11:56,0,0.095,
06 Dec 2021 11:57,0,0.101,
06 Dec 2021 11:58,0,0.107,
06 Dec 2021 11:59,1.71,0.104,
06 Dec 2021 12:00,1.87,0.098,
06 Dec 2021 12:01,1.66,0.093,
06 Dec 2021 12:02,1.74,0.134,
06 Dec 2021 12:03,2.43,0.203,
06 Dec 2021 12:04,0,0.134,
06 Dec 2021 12:05,0,0.142,
06 Dec 2021 12:06,1,0.132,
06 Dec 2021 12:07,0,0.114,
06 Dec 2021 12:08,0.57,0.114,
06 Dec 2021 12:09,1.18,0.111,
06 Dec 2021 12:10,1.71,0.102,
06 Dec 2021 12:11,2.81,0.127,
06 Dec 2021 12:12,1.76,0.089,
06 Dec 2021 12:13,2.41,0.139,
06 Dec 2021 12:14,0,0.182,
06 Dec 2021 12:15,0,0.17,
06 Dec 2021 12:16,0,0.13,
06 Dec 2021 12:17,0,0.121,
06 Dec 2021 12:18,0,0.149,
06 Dec 2021 12:19,2.02,0.146,
06 Dec 2021 12:20,2.49,0.107,
06 Dec 2021 12:21,3.95,0.119,
06 Dec 2021 12:22,3.42,0.11,
06 Dec 2021 12:23,3.43,0.1,
06 Dec 2021 12:24,3.48,0.074,
06 Dec 2021 12:25,6.53,0.102,
06 Dec 2021 12:26,3.69,0.108,
06 Dec 2021 12:27,1.08,0.113,
06 Dec 2021 12:28,0,0.104,
06 Dec 2021 12:29,1.28,0.102,
06 Dec 2021 12:30,1.31,0.094,
06 Dec 2021 12:31,2.38,0.11,
06 Dec 2021 12:32,2.72,0.105,
06 Dec 2021 12:33,1.54,0.088,
06 Dec 2021 12:34,2.48,0.092,
06 Dec 2021 12:35,2.91,0.087,
06 Dec 2021 12:36,3.31,0.111,
06 Dec 2021 12:37,0,0.107,
06 Dec 2021 12:38,0,0.11,
06 Dec 2021 12:39,0,0.105,
06 Dec 2021 12:40,0,0.078,
06 Dec 2021 12:41,0,0.07,
06 Dec 2021 12:42,1.49,0.06,
06 Dec 2021 12:43,4.34,0.076,
06 Dec 2021 12:44,5.27,0.095,
06 Dec 2021 12:45,4.97,0.104,
06 Dec 2021 12:46,4.3,0.11,
06 Dec 2021 12:47,1.64,0.083,
06 Dec 2021 12:48,6.97,0.096,
06 Dec 2021 12:49,1.98,0.085,
06 Dec 2021 12:50,2.95,0.088,
06 Dec 2021 12:51,0,0.091,
06 Dec 2021 12:52,1.17,0.075,
06 Dec 2021 12:53,3.22,0.092,
06 Dec 2021 12:54,3.51,0.105,
06 Dec 2021 12:55,5.38,0.106,
06 Dec 2021 12:56,4.28,0.124,
06 Dec 2021 12:57,2.23,0.107,
06 Dec 2021 12:58,0.72,0.094,
06 Dec 2021 12:59,0.87,0.09,
06 Dec 2021 13:00,0.45,0.08,
06 Dec 2021 13:01,1.48,0.099,
06 Dec 2021 13:02,0.09,0.105,
06 Dec 2021 13:03,0.11,0.102,
06 Dec 2021 13:04,0,0.107,
06 Dec 2021 13:05,0,0.102,
06 Dec 2021 13:06,0,0.111,
06 Dec 2021 13:07,0,0.106,
06 Dec 2021 13:08,0,0.112,
06 Dec 2021 13:09,0,0.112,
06 Dec 2021 13:10,0,0.119,
06 Dec 2021 13:11,0,0.111,
06 Dec 2021 13:12,0.2,0.104,
06 Dec 2021 13:13,5.71,0.091,
06 Dec 2021 13:14,8.21,0.117,
06 Dec 2021 13:15,5.51,0.131,
06 Dec 2021 13:16,4.6,0.108,
06 Dec 2021 13:17,3.43,0.114,
06 Dec 2021 13:18,4.71,0.103,
06 Dec 2021 13:19,5.35,0.116,
06 Dec 2021 13:20,8.27,0.144,
06 Dec 2021 13:21,8.55,0.12,
06 Dec 2021 13:22,11.35,0.127,
06 Dec 2021 13:23,11.68,0.119,
06 Dec 2021 13:24,8.93,0.168,
06 Dec 2021 13:25,11.19,0.107,
06 Dec 2021 13:26,6.48,0.116,
06 Dec 2021 13:27,4.73,0.141,
06 Dec 2021 13:28,5.71,0.131,
06 Dec 2021 13:29,6.77,0.132,
06 Dec 2021 13:30,3.57,0.126,
06 Dec 2021 13:31,2.31,0.094,
06 Dec 2021 13:32,3.6,0.101,
06 Dec 2021 13:33,6.44,0.108,
06 Dec 2021 13:34,6.61,0.121,
06 Dec 2021 13:35,7.08,0.131,
06 Dec 2021 13:36,5.32,0.105,
06 Dec 2021 13:37,2.53,0.079,
06 Dec 2021 13:38,0,0.1,
06 Dec 2021 13:39,0,0.115,
06 Dec 2021 13:40,0.44,0.106,
06 Dec 2021 13:41,1.58,0.105,
06 Dec 2021 13:42,0,0.119,
06 Dec 2021 13:43,0,0.101,
06 Dec 2021 13:44,0,0.099,
06 Dec 2021 13:45,0,0.111,
06 Dec 2021 13:46,0,0.078,
06 Dec 2021 13:47,0,,
06 Dec 2021 13:48,0,,
06 Dec 2021 14:45,,0.137,
06 Dec 2021 14:46,,0.11,0
06 Dec 2021 14:47,,0.09,0
06 Dec 2021 14:48,,0.098,0
06 Dec 2021 14:49,,0.124,0
06 Dec 2021 14:50,,0.129,0
06 Dec 2021 14:51,,0.133,0
06 Dec 2021 14:52,,0.1,0
06 Dec 2021 14:53,,0.097,0
06 Dec 2021 14:54,,0.218,0
06 Dec 2021 14:55,,0.153,0
06 Dec 2021 14:56,,0.1,0
06 Dec 2021 14:57,,0.122,0
06 Dec 2021 14:58,,0.131,0
06 Dec 2021 14:59,,0.098,0
06 Dec 2021 15:00,,0.144,0
06 Dec 2021 15:01,,0.083,0
06 Dec 2021 15:02,,0.099,0
06 Dec 2021 15:03,,0.093,0
06 Dec 2021 15:04,,0.067,0
06 Dec 2021 15:05,,0.095,0
06 Dec 2021 15:06,,0.066,0
06 Dec 2021 15:07,,0.059,0
06 Dec 2021 15:08,,0.083,0
06 Dec 2021 15:09,,0.099,0
06 Dec 2021 15:10,,0.094,0
06 Dec 2021 15:11,,0.09,0
06 Dec 2021 15:12,,0.101,0
06 Dec 2021 15:13,,0.116,0
06 Dec 2021 15:14,,0.11,0
06 Dec 2021 15:15,,0.105,0
06 Dec 2021 15:16,,0.122,0
06 Dec 2021 15:17,,0.148,0
06 Dec 2021 15:18,,0.117,0
06 Dec 2021 15:19,,0.105,0
06 Dec 2021 15:20,,0.15,0
06 Dec 2021 15:21,,0.126,0
06 Dec 2021 15:22,,0.124,0
06 Dec 2021 15:23,,0.107,0
06 Dec 2021 15:24,,0.125,0
06 Dec 2021 15:25,,0.123,0
06 Dec 2021 15:26,,0.147,0
06 Dec 2021 15:27,,0.119,0
06 Dec 2021 15:28,,0.143,0
06 Dec 2021 15:29,,0.168,0
06 Dec 2021 15:30,,0.126,0
06 Dec 2021 15:31,,0.166,0
06 Dec 2021 15:32,,0.139,0
06 Dec 2021 15:33,,0.163,0
06 Dec 2021 15:34,,0.132,0
06 Dec 2021 15:35,,0.124,0
06 Dec 2021 15:36,,0.211,0
06 Dec 2021 15:37,,0.163,0
06 Dec 2021 15:38,,0.141,0
06 Dec 2021 15:39,,0.18,0
06 Dec 2021 15:40,,0.168,0
06 Dec 2021 15:41,,0.169,0
06 Dec 2021 15:42,,0.287,0
06 Dec 2021 15:43,,0.189,0
06 Dec 2021 15:44,,0.189,0
06 Dec 2021 15:45,,0.207,0
06 Dec 2021 15:46,,0.162,0
06 Dec 2021 15:47,,0.163,0
06 Dec 2021 15:48,,0.129,0
06 Dec 2021 15:49,,0.129,0
06 Dec 2021 15:50,,0.169,0
06 Dec 2021 15:51,,0.176,0
06 Dec 2021 15:52,,0,0
06 Dec 2021 15:53,,1.014,0
06 Dec 2021 15:54,,0.306,0
06 Dec 2021 15:55,,0.153,0
06 Dec 2021 15:56,,0.17,0
06 Dec 2021 15:57,,0.129,0
06 Dec 2021 15:58,,0.186,0
06 Dec 2021 15:59,,0.147,0
06 Dec 2021 16:00,,0.157,0
06 Dec 2021 16:01,,0.151,0
06 Dec 2021 16:02,,0.16,0
06 Dec 2021 16:03,,0.148,0
06 Dec 2021 16:04,,0.159,0
06 Dec 2021 16:05,,0.129,0
06 Dec 2021 16:06,,0.158,0
06 Dec 2021 16:07,,0.198,0
06 Dec 2021 16:08,,0.195,0
06 Dec 2021 16:09,,0.203,0
06 Dec 2021 16:10,,0.186,0
06 Dec 2021 16:11,,0.252,0
06 Dec 2021 16:12,,0.282,0
06 Dec 2021 16:13,,0.182,0
06 Dec 2021 16:14,,0.128,0
06 Dec 2021 16:15,,0.121,0
06 Dec 2021 16:16,,0.131,0
06 Dec 2021 16:17,,0.135,0
06 Dec 2021 16:18,,0.23,0
06 Dec 2021 16:19,,0.168,0
06 Dec 2021 16:20,,0.187,0
06 Dec 2021 16:21,,0.178,0
06 Dec 2021 16:22,,0.123,0
06 Dec 2021 16:23,,0.15,0
06 Dec 2021 16:24,,0.128,0
06 Dec 2021 16:25,,0.114,0
06 Dec 2021 16:26,,0.129,0
06 Dec 2021 16:27,,0.153,0
06 Dec 2021 16:28,,0.102,0
06 Dec 2021 16:29,,0.099,0
06 Dec 2021 16:30,,0.124,0
06 Dec 2021 16:31,,0.116,0
06 Dec 2021 16:32,,0.094,0
06 Dec 2021 16:33,,0.143,0
06 Dec 2021 16:34,,0.117,0
06 Dec 2021 16:35,,0.11,0
06 Dec 2021 16:36,,0.111,0
06 Dec 2021 16:37,,0.052,0
06 Dec 2021 16:38,,0.042,0
06 Dec 2021 16:39,,0.044,
06 Dec 2021 16:40,,0.034,
06 Dec 2021 16:41,,0.036,
06 Dec 2021 16:42,,0.045,
06 Dec 2021 16:43,,0,
08 Dec 2021 18:20,0,0.022,
08 Dec 2021 18:21,0,0.023,
08 Dec 2021 18:22,0,0.024,
08 Dec 2021 18:23,0,0.023,
08 Dec 2021 18:24,0,0.025,
08 Dec 2021 18:25,0,0.027,
08 Dec 2021 18:26,0,0.021,
08 Dec 2021 18:27,21.19,0.025,
08 Dec 2021 18:28,79.57,0.043,
08 Dec 2021 18:29,62.83,0.023,
08 Dec 2021 18:30,53.76,0.014,
08 Dec 2021 18:31,27.52,0.006,
08 Dec 2021 18:32,10.31,0.004,
08 Dec 2021 18:33,0.81,0.009,
08 Dec 2021 18:34,0.13,0.015,
08 Dec 2021 18:35,0,0.016,
08 Dec 2021 18:36,0,0.014,
08 Dec 2021 18:37,0,0.015,
08 Dec 2021 18:38,4.85,0.015,
08 Dec 2021 18:39,33.59,0.02,
08 Dec 2021 18:40,32.83,0.015,
08 Dec 2021 18:41,28.19,0.01,
08 Dec 2021 18:42,23.84,0.01,
08 Dec 2021 18:43,23.34,0.009,
08 Dec 2021 18:44,23.06,0.009,
08 Dec 2021 18:45,22.25,0.007,
08 Dec 2021 18:46,20.45,0.007,
08 Dec 2021 18:47,20.37,0.006,
08 Dec 2021 18:48,19.74,0.007,
08 Dec 2021 18:49,19.16,0.005,
08 Dec 2021 18:50,18.62,0.005,
08 Dec 2021 18:51,18.11,0.006,
08 Dec 2021 18:52,17.73,0.005,
08 Dec 2021 18:53,17.25,0.007,
08 Dec 2021 18:54,16.68,0.007,
08 Dec 2021 18:55,16.41,0.007,
08 Dec 2021 18:56,14.62,0.008,
08 Dec 2021 18:57,13.52,0.008,
08 Dec 2021 18:58,12.75,0.01,
08 Dec 2021 18:59,11.97,0.01,
08 Dec 2021 19:00,11.2,0.01,
08 Dec 2021 19:01,10.67,0.011,
08 Dec 2021 19:02,9.78,0.01,
08 Dec 2021 19:03,8.99,0.012,
08 Dec 2021 19:04,8.56,0.012,
08 Dec 2021 19:05,7.75,0.013,
08 Dec 2021 19:06,7.1,0.012,
08 Dec 2021 19:07,6.33,0.014,
08 Dec 2021 19:08,5.74,0.014,
08 Dec 2021 19:09,5.32,0.016,
08 Dec 2021 19:10,4.97,0.016,
08 Dec 2021 19:11,4.62,0.016,
08 Dec 2021 19:12,4.24,0.016,
08 Dec 2021 19:13,3.87,0.017,
08 Dec 2021 19:14,3.3,0.017,
08 Dec 2021 19:15,3.1,0.018,
08 Dec 2021 19:16,2.94,0.018,
08 Dec 2021 19:17,2.54,0.018,
08 Dec 2021 19:18,2.42,0.018,
08 Dec 2021 19:19,2.22,0.018,
08 Dec 2021 19:20,1.94,0.018,
08 Dec 2021 19:21,1.78,0.016,
08 Dec 2021 19:22,1.66,0.019,
08 Dec 2021 19:23,1.47,0.018,
08 Dec 2021 19:24,1.34,0.018,
08 Dec 2021 19:25,1.21,0.02,
08 Dec 2021 19:26,1.04,0.019,
08 Dec 2021 19:27,0.96,0.019,
08 Dec 2021 19:28,0.84,0.02,
08 Dec 2021 19:29,0.65,0.019,
08 Dec 2021 19:30,0.6,0.02,
08 Dec 2021 19:31,0.51,0.018,
08 Dec 2021 19:32,0.36,0.019,
08 Dec 2021 19:33,0.3,0.02,
08 Dec 2021 19:34,0.22,0.021,
08 Dec 2021 19:35,0.11,0.02,
08 Dec 2021 19:36,0.07,0.019,
08 Dec 2021 19:37,0.02,0.02,
08 Dec 2021 19:38,12,0.022,
08 Dec 2021 19:39,28.64,0.019,
08 Dec 2021 19:40,32.78,0.015,
08 Dec 2021 19:41,32.2,0.009,
08 Dec 2021 19:42,31.79,0.006,
08 Dec 2021 19:43,27.85,0.003,
08 Dec 2021 19:44,17.11,0.003,
08 Dec 2021 19:45,9.55,0.007,
08 Dec 2021 19:46,3.61,0.012,
08 Dec 2021 19:47,2,0.018,
08 Dec 2021 19:48,1.09,0.02,
08 Dec 2021 19:49,0.5,0.02,
08 Dec 2021 19:50,0.34,0.022,
08 Dec 2021 19:51,0.26,0.023,
08 Dec 2021 19:52,0.14,0.023,
08 Dec 2021 19:53,0.12,0.023,
08 Dec 2021 19:54,0.07,0.024,
08 Dec 2021 19:55,0.02,0.024,
08 Dec 2021 19:56,0.04,0.023,
08 Dec 2021 19:57,0.07,0.026,
08 Dec 2021 19:58,0.03,0.024,
08 Dec 2021 19:59,0,0.024,
08 Dec 2021 20:00,0,0.025,
08 Dec 2021 20:01,0,0.023,
08 Dec 2021 20:02,0,0.024,
08 Dec 2021 20:03,0,0.026,
08 Dec 2021 20:04,0,0.025,
08 Dec 2021 20:05,0,0.026,
08 Dec 2021 20:06,0,0.025,
08 Dec 2021 20:07,0,0.026,
08 Dec 2021 20:08,0,0.024,
08 Dec 2021 20:09,0,0.025,
08 Dec 2021 20:10,0,0.025,
08 Dec 2021 20:11,0,0.025,
08 Dec 2021 20:12,0,0.026,
08 Dec 2021 20:13,0,0.026,
08 Dec 2021 20:14,0,0.026,
08 Dec 2021 20:15,0,0.027,
08 Dec 2021 20:16,0,0.026,
08 Dec 2021 20:17,0,0.025,
08 Dec 2021 20:18,0,0.026,
08 Dec 2021 20:19,0,0.026,
08 Dec 2021 20:20,0.01,0.026,
08 Dec 2021 20:21,0.02,0.026,
08 Dec 2021 20:22,0,0.026,
08 Dec 2021 20:23,0,0.026,
08 Dec 2021 20:24,0,0.028,
08 Dec 2021 20:25,0,0.025,
08 Dec 2021 20:26,0,0.026,
08 Dec 2021 20:27,0,0.026,
08 Dec 2021 20:28,0,0.028,
08 Dec 2021 20:29,0,0.025,
08 Dec 2021 20:30,0,0.027,
08 Dec 2021 20:31,0.01,0.026,
08 Dec 2021 20:32,0.02,0.026,
08 Dec 2021 20:33,0.05,0.025,
08 Dec 2021 20:34,0.02,0.025,
08 Dec 2021 20:35,0.05,0.025,
08 Dec 2021 20:36,2.2,0.026,
08 Dec 2021 20:37,5.3,0.03,
08 Dec 2021 20:38,10.05,0.029,
08 Dec 2021 20:39,5.23,0.025,
08 Dec 2021 20:40,3.32,0.024,
08 Dec 2021 20:41,2.2,0.024,
08 Dec 2021 20:42,1.18,0.023,
08 Dec 2021 20:43,0.83,0.025,
08 Dec 2021 20:44,0.59,0.023,
08 Dec 2021 20:45,0.35,0.024,
08 Dec 2021 20:46,0.23,0.023,
08 Dec 2021 20:47,0.16,0.023,
08 Dec 2021 20:48,0.08,0.024,
08 Dec 2021 20:49,1.98,0.027,
08 Dec 2021 20:50,18.01,0.022,
08 Dec 2021 20:51,6.48,0.014,
08 Dec 2021 20:52,3.16,0.014,
08 Dec 2021 20:53,1.95,0.014,
08 Dec 2021 20:54,1.13,0.017,
08 Dec 2021 20:55,0.79,0.018,
08 Dec 2021 20:56,0.59,0.018,
08 Dec 2021 20:57,0.37,0.019,
08 Dec 2021 20:58,0.31,0.019,
08 Dec 2021 20:59,0.23,0.021,
08 Dec 2021 21:00,0.17,0.02,
08 Dec 2021 21:01,0.1,0.021,
08 Dec 2021 21:02,0.05,0.021,
08 Dec 2021 21:03,21.97,0.021,
08 Dec 2021 21:04,23.71,0.01,
08 Dec 2021 21:05,23.7,0.006,
08 Dec 2021 21:06,23.16,0.004,
08 Dec 2021 21:07,22.8,0,
08 Dec 2021 21:08,22.32,0,
08 Dec 2021 21:09,21.94,0,
08 Dec 2021 21:10,21.54,0,
08 Dec 2021 21:11,20.63,0,
08 Dec 2021 21:12,17.8,0,
08 Dec 2021 21:13,16.64,0,
08 Dec 2021 21:14,15.27,0,
08 Dec 2021 21:15,14.81,0,
08 Dec 2021 21:16,14.52,0,
08 Dec 2021 21:17,13.82,0,
08 Dec 2021 21:18,13.66,0.002,
08 Dec 2021 21:19,13.42,0.001,
08 Dec 2021 21:20,13.05,0,
08 Dec 2021 21:21,12.89,0.002,
08 Dec 2021 21:22,12.37,0.001,
08 Dec 2021 21:23,11.32,0,
08 Dec 2021 21:24,10.3,0.002,
08 Dec 2021 21:25,9.63,0.003,
08 Dec 2021 21:26,9.06,0.003,
08 Dec 2021 21:27,8.58,0.004,
08 Dec 2021 21:28,8.07,0.005,
08 Dec 2021 21:29,7.54,0.004,
08 Dec 2021 21:30,7.25,0.003,
08 Dec 2021 21:31,6.87,0.005,
08 Dec 2021 21:32,6.36,0.006,
08 Dec 2021 21:33,6.06,0.006,
08 Dec 2021 21:34,5.8,0.005,
08 Dec 2021 21:35,5.29,0.007,
08 Dec 2021 21:36,4.86,0.006,
08 Dec 2021 21:37,4.56,0.008,
08 Dec 2021 21:38,4.1,0.008,
08 Dec 2021 21:39,3.88,0.008,
08 Dec 2021 21:40,3.62,0.009,
08 Dec 2021 21:41,3.27,0.006,
08 Dec 2021 21:42,3.11,0.008,
08 Dec 2021 21:43,2.98,0.009,
08 Dec 2021 21:44,2.81,0.009,
08 Dec 2021 21:45,2.66,0.009,
08 Dec 2021 21:46,2.49,0.009,
08 Dec 2021 21:47,2.27,0.009,
08 Dec 2021 21:48,2.17,0.009,
08 Dec 2021 21:49,1.99,0.009,
08 Dec 2021 21:50,1.87,0.008,
08 Dec 2021 21:51,1.76,0.011,
08 Dec 2021 21:52,1.58,0.009,
08 Dec 2021 21:53,1.5,0.01,
08 Dec 2021 21:54,1.43,0.011,
08 Dec 2021 21:55,1.3,0.01,
08 Dec 2021 21:56,1.23,0.011,
08 Dec 2021 21:57,1.14,0.011,
08 Dec 2021 21:58,1.07,0.011,
08 Dec 2021 21:59,1.02,0.011,
08 Dec 2021 22:00,0.93,0.01,
08 Dec 2021 22:01,0.88,0.012,
08 Dec 2021 22:02,0.81,0.012,
08 Dec 2021 22:03,0.76,0.01,
08 Dec 2021 22:04,0.7,0.01,
08 Dec 2021 22:05,0.67,0.011,
08 Dec 2021 22:06,0.65,0.011,
08 Dec 2021 22:07,0.6,0.012,
08 Dec 2021 22:08,0.55,0.011,
08 Dec 2021 22:09,0.53,0.011,
08 Dec 2021 22:10,0.51,0.011,
08 Dec 2021 22:11,0.47,0.012,
08 Dec 2021 22:12,0.46,0.012,
08 Dec 2021 22:13,0.43,0.012,
08 Dec 2021 22:14,0.4,0.013,
08 Dec 2021 22:15,0.36,0.014,
08 Dec 2021 22:16,0.37,0.013,
08 Dec 2021 22:17,0.34,0.012,
08 Dec 2021 22:18,0.32,0.012,
08 Dec 2021 22:19,0.32,0.013,
08 Dec 2021 22:20,0.29,0.012,
08 Dec 2021 22:21,0.32,0.012,
08 Dec 2021 22:22,0.3,0.013,
08 Dec 2021 22:23,0.29,0.011,
08 Dec 2021 22:24,0.28,0.011,
08 Dec 2021 22:25,0.3,0.012,
08 Dec 2021 22:26,0.28,0.013,
08 Dec 2021 22:27,0.25,0.012,
08 Dec 2021 22:28,0.24,0.012,
08 Dec 2021 22:29,0.23,0.011,
08 Dec 2021 22:30,0.22,0.013,
08 Dec 2021 22:31,0.21,0.012,
08 Dec 2021 22:32,0.19,0.014,
08 Dec 2021 22:33,0.2,0.013,
08 Dec 2021 22:34,0.21,0.012,
08 Dec 2021 22:35,0.21,0.012,
08 Dec 2021 22:36,0.19,0.013,
08 Dec 2021 22:37,0.18,0.013,
08 Dec 2021 22:38,0.17,0.013,
08 Dec 2021 22:39,0.15,0.016,
08 Dec 2021 22:40,0.15,0.013,
08 Dec 2021 22:41,0.15,0.013,
08 Dec 2021 22:42,0.14,0.013,
08 Dec 2021 22:43,0.14,0.012,
08 Dec 2021 22:44,0.14,0.014,
08 Dec 2021 22:45,0.14,0.013,
08 Dec 2021 22:46,0.14,0.013,
08 Dec 2021 22:47,0.12,0.013,
08 Dec 2021 22:48,0.1,0.013,
08 Dec 2021 22:49,0.1,0.014,
08 Dec 2021 22:50,0.09,0.014,
08 Dec 2021 22:51,0.1,0.014,
08 Dec 2021 22:52,0.18,0.021,
08 Dec 2021 22:53,0.46,0.02,
08 Dec 2021 22:54,4.2,0.042,
08 Dec 2021 22:55,5.11,0.047,
08 Dec 2021 22:56,5.28,0.036,
08 Dec 2021 22:57,4.61,0.048,
08 Dec 2021 22:58,4.36,0.038,
08 Dec 2021 22:59,4.04,0.032,
08 Dec 2021 23:00,3.59,0.028,
08 Dec 2021 23:01,3.23,0.025,
08 Dec 2021 23:02,2.87,0.025,
08 Dec 2021 23:03,2.41,0.025,
08 Dec 2021 23:04,2.19,0.023,
08 Dec 2021 23:05,1.96,0.02,
08 Dec 2021 23:06,1.68,0.019,
08 Dec 2021 23:07,1.52,0.017,
08 Dec 2021 23:08,1.37,0.016,
08 Dec 2021 23:09,1.17,0.014,
08 Dec 2021 23:10,1.08,0.015,
08 Dec 2021 23:11,0.93,0.014,
08 Dec 2021 23:12,0.84,0.014,
08 Dec 2021 23:13,0.73,0.013,
08 Dec 2021 23:14,0.64,0.015,
08 Dec 2021 23:15,0.62,0.015,
08 Dec 2021 23:16,0.57,0.014,
08 Dec 2021 23:17,0.55,0.014,
08 Dec 2021 23:18,0.52,0.013,
08 Dec 2021 23:19,0.48,0.015,
08 Dec 2021 23:20,0.43,0.014,
08 Dec 2021 23:21,0.47,0.015,
08 Dec 2021 23:22,0.46,0.015,
08 Dec 2021 23:23,0.43,0.014,
08 Dec 2021 23:24,0.44,0.013,
08 Dec 2021 23:25,0.43,0.014,
08 Dec 2021 23:26,0.41,0.016,
08 Dec 2021 23:27,0.41,0.013,
08 Dec 2021 23:28,0.39,0.013,
08 Dec 2021 23:29,0.41,0.013,
08 Dec 2021 23:30,0.43,0.014,
08 Dec 2021 23:31,0.42,0.013,
08 Dec 2021 23:32,0.42,0.013,
08 Dec 2021 23:33,0.42,0.014,
08 Dec 2021 23:34,0.41,0.013,
08 Dec 2021 23:35,0.4,0.012,
08 Dec 2021 23:36,0.4,0.012,
08 Dec 2021 23:37,0.4,0.016,
08 Dec 2021 23:38,0.38,0.013,
08 Dec 2021 23:39,0.38,0.013,
08 Dec 2021 23:40,0.37,0.013,
08 Dec 2021 23:41,0.35,0.011,
08 Dec 2021 23:42,0.36,0.013,
08 Dec 2021 23:43,0.35,0.013,
08 Dec 2021 23:44,0.36,0.014,
08 Dec 2021 23:45,0.36,0.013,
08 Dec 2021 23:46,0.35,0.013,
08 Dec 2021 23:47,0.36,0.013,
08 Dec 2021 23:48,0.34,0.013,
08 Dec 2021 23:49,0.35,0.012,
08 Dec 2021 23:50,0.34,0.015,
08 Dec 2021 23:51,0.33,0.014,
08 Dec 2021 23:52,0.34,0.012,
08 Dec 2021 23:53,0.33,0.013,
08 Dec 2021 23:54,0.3,0.013,
08 Dec 2021 23:55,0.28,0.014,
08 Dec 2021 23:56,0.27,0.013,
08 Dec 2021 23:57,0.25,0.013,
08 Dec 2021 23:58,0.26,0.013,
08 Dec 2021 23:59,0.23,0.013,
09 Dec 2021 00:00,0.24,0.013,
09 Dec 2021 00:01,0.22,0.013,
09 Dec 2021 00:02,0.26,0.014,
09 Dec 2021 00:03,0.22,0.013,
09 Dec 2021 00:04,0.19,0.014,
09 Dec 2021 00:05,0.2,0.014,
09 Dec 2021 00:06,0.2,0.013,
09 Dec 2021 00:07,0.2,0.013,
09 Dec 2021 00:08,0.16,0.014,
09 Dec 2021 00:09,0.18,0.013,
09 Dec 2021 00:10,0.16,0.012,
09 Dec 2021 00:11,0.16,0.012,
09 Dec 2021 00:12,0.11,0.014,
09 Dec 2021 00:13,0.16,0.012,
09 Dec 2021 00:14,0.17,0.013,
09 Dec 2021 00:15,0.15,0.014,
09 Dec 2021 00:16,0.14,0.013,
09 Dec 2021 00:17,0.13,0.014,
09 Dec 2021 00:18,0.12,0.013,
09 Dec 2021 00:19,0.13,0.013,
09 Dec 2021 00:20,0.12,0.012,
09 Dec 2021 00:21,0.11,0.012,
09 Dec 2021 00:22,0.07,0.012,
09 Dec 2021 00:23,0.05,0.015,
09 Dec 2021 00:24,0.06,0.012,
09 Dec 2021 00:25,0.06,0.026,
09 Dec 2021 00:26,0.11,0.024,
09 Dec 2021 00:27,7.47,0.03,
09 Dec 2021 00:28,17.68,0.026,
09 Dec 2021 00:29,17.85,0.014,
09 Dec 2021 00:30,17.47,0.008,
09 Dec 2021 00:31,16.19,0.006,
09 Dec 2021 00:32,15.16,0.002,
09 Dec 2021 00:33,13.95,0.002,
09 Dec 2021 00:34,13.35,0.002,
09 Dec 2021 00:35,12.57,0.002,
09 Dec 2021 00:36,11.82,0.002,
09 Dec 2021 00:37,11.45,0,
09 Dec 2021 00:38,11,0.002,
09 Dec 2021 00:39,10.45,0.001,
09 Dec 2021 00:40,10.09,0,
09 Dec 2021 00:41,9.77,0.001,
09 Dec 2021 00:42,9.28,0.003,
09 Dec 2021 00:43,8.87,0.001,
09 Dec 2021 00:44,8.24,0.003,
09 Dec 2021 00:45,7.76,0.003,
09 Dec 2021 00:46,7.44,0.003,
09 Dec 2021 00:47,7.26,0.002,
09 Dec 2021 00:48,6.79,0.002,
09 Dec 2021 00:49,6.55,0.003,
09 Dec 2021 00:50,6.38,0.003,
09 Dec 2021 00:51,6.04,0.004,
09 Dec 2021 00:52,5.85,0.004,
09 Dec 2021 00:53,5.71,0.003,
09 Dec 2021 00:54,5.41,0,
09 Dec 2021 00:55,5.3,0.004,
09 Dec 2021 00:56,5.09,0.003,
09 Dec 2021 00:57,4.84,0.002,
09 Dec 2021 00:58,4.72,0.003,
09 Dec 2021 00:59,4.57,0.003,
09 Dec 2021 01:00,4.31,0.005,
09 Dec 2021 01:01,4.19,0.004,
09 Dec 2021 01:02,4.07,0.002,
09 Dec 2021 01:03,3.91,0.002,
09 Dec 2021 01:04,3.82,0.004,
09 Dec 2021 01:05,3.71,0.003,
09 Dec 2021 01:06,3.61,0.006,
09 Dec 2021 01:07,3.48,0.003,
09 Dec 2021 01:08,3.34,0.003,
09 Dec 2021 01:09,3.17,0.005,
09 Dec 2021 01:10,3.09,0.003,
09 Dec 2021 01:11,3.01,0.004,
09 Dec 2021 01:12,2.85,0.005,
09 Dec 2021 01:13,2.73,0.005,
09 Dec 2021 01:14,2.63,0.004,
09 Dec 2021 01:15,2.58,0.005,
09 Dec 2021 01:16,2.52,0.004,
09 Dec 2021 01:17,2.37,0.005,
09 Dec 2021 01:18,2.3,0.005,
09 Dec 2021 01:19,2.21,0.006,
09 Dec 2021 01:20,2.06,0.006,
09 Dec 2021 01:21,1.97,0.006,
09 Dec 2021 01:22,1.68,0.006,
09 Dec 2021 01:23,0.51,0.015,
09 Dec 2021 01:24,0.39,0.017,
09 Dec 2021 01:25,0.37,0.016,
09 Dec 2021 01:26,0.29,0.012,
09 Dec 2021 01:27,0.24,0.013,
09 Dec 2021 01:28,0.19,0.012,
09 Dec 2021 01:29,0.14,0.011,
09 Dec 2021 01:30,0.14,0.011,
09 Dec 2021 01:31,0.22,0.01,
09 Dec 2021 01:32,33.6,0.009,
09 Dec 2021 01:33,36.1,0,
09 Dec 2021 01:34,35.79,0,
09 Dec 2021 01:35,34.39,0,
09 Dec 2021 01:36,33.67,0,
09 Dec 2021 01:37,32.57,0,
09 Dec 2021 01:38,30.39,0,
09 Dec 2021 01:39,29.69,0,
09 Dec 2021 01:40,27.96,0,
09 Dec 2021 01:41,26.85,0,
09 Dec 2021 01:42,26.03,0,
09 Dec 2021 01:43,25.52,0,
09 Dec 2021 01:44,24.71,0,
09 Dec 2021 01:45,23.91,0,
09 Dec 2021 01:46,23.38,0,
09 Dec 2021 01:47,22.55,0,
09 Dec 2021 01:48,21.95,0,
09 Dec 2021 01:49,21.37,0,
09 Dec 2021 01:50,20.51,0,
09 Dec 2021 01:51,20.05,0,
09 Dec 2021 01:52,19.48,0,
09 Dec 2021 01:53,18.56,0,
09 Dec 2021 01:54,17.78,0,
09 Dec 2021 01:55,17.15,0,
09 Dec 2021 01:56,16.59,0,
09 Dec 2021 01:57,16.23,0,
09 Dec 2021 01:58,15.5,0,
09 Dec 2021 01:59,15.12,0,
09 Dec 2021 02:00,14.59,0,
09 Dec 2021 02:01,14.28,0,
09 Dec 2021 02:02,13.91,0,
09 Dec 2021 02:03,13.64,0,
09 Dec 2021 02:04,13.15,0,
09 Dec 2021 02:05,12.94,0,
09 Dec 2021 02:06,12.76,0,
09 Dec 2021 02:07,12.15,0,
09 Dec 2021 02:08,11.92,0,
09 Dec 2021 02:09,11.6,0,
09 Dec 2021 02:10,11.21,0,
09 Dec 2021 02:11,10.93,0,
09 Dec 2021 02:12,10.69,0,
09 Dec 2021 02:13,10.13,0,
09 Dec 2021 02:14,9.97,0,
09 Dec 2021 02:15,9.62,0,
09 Dec 2021 02:16,9.37,0,
09 Dec 2021 02:17,9.16,0,
09 Dec 2021 02:18,8.84,0,
09 Dec 2021 02:19,8.28,0,
09 Dec 2021 02:20,4.26,0,
09 Dec 2021 02:21,1.44,0.011,
09 Dec 2021 02:22,1.2,0.013,
09 Dec 2021 02:23,1.25,0.012,
09 Dec 2021 02:24,1.31,0.011,
09 Dec 2021 02:25,1.62,0.01,
09 Dec 2021 02:26,1.85,0.01,
09 Dec 2021 02:27,2.09,0.008,
09 Dec 2021 02:28,2.34,0.008,
09 Dec 2021 02:29,2.46,0.01,
09 Dec 2021 02:30,2.61,0.007,
09 Dec 2021 02:31,2.72,0.007,
09 Dec 2021 02:32,2.79,0.008,
09 Dec 2021 02:33,2.84,0.01,
09 Dec 2021 02:34,2.88,0.009,
09 Dec 2021 02:35,2.86,0.009,
09 Dec 2021 02:36,2.75,0.009,
09 Dec 2021 02:37,2.66,0.009,
09 Dec 2021 02:38,2.53,0.009,
09 Dec 2021 02:39,2.42,0.01,
09 Dec 2021 02:40,2.32,0.01,
09 Dec 2021 02:41,2.19,0.01,
09 Dec 2021 02:42,2.02,0.011,
09 Dec 2021 02:43,1.91,0.009,
09 Dec 2021 02:44,1.85,0.012,
09 Dec 2021 02:45,1.81,0.01,
09 Dec 2021 02:46,1.78,0.011,
09 Dec 2021 02:47,1.73,0.01,
09 Dec 2021 02:48,1.63,0.011,
09 Dec 2021 02:49,1.6,0.011,
09 Dec 2021 02:50,1.55,0.01,
09 Dec 2021 02:51,1.52,0.011,
09 Dec 2021 02:52,1.48,0.01,
09 Dec 2021 02:53,1.45,0.012,
09 Dec 2021 02:54,1.44,0.011,
09 Dec 2021 02:55,1.4,0.012,
09 Dec 2021 02:56,1.29,0.011,
09 Dec 2021 02:57,1.16,0.012,
09 Dec 2021 02:58,1.09,0.012,
09 Dec 2021 02:59,1.07,0.013,
09 Dec 2021 03:00,1.05,0.011,
09 Dec 2021 03:01,1.2,0.012,
09 Dec 2021 03:02,1.45,0,
09 Dec 2021 03:03,1.83,0.01,
09 Dec 2021 03:04,1.9,0.012,
09 Dec 2021 03:05,1.9,0.012,
09 Dec 2021 03:06,1.75,0.011,
09 Dec 2021 03:07,1.68,0.011,
09 Dec 2021 03:08,1.55,0.012,
09 Dec 2021 03:09,1.45,0.012,
09 Dec 2021 03:10,1.33,0.011,
09 Dec 2021 03:11,1.29,0.013,
09 Dec 2021 03:12,1.23,0.011,
09 Dec 2021 14:59,0,0.019,
09 Dec 2021 15:00,0,0.017,
09 Dec 2021 15:01,0,0.017,
09 Dec 2021 15:02,0,0.016,
09 Dec 2021 15:03,0,0.022,
09 Dec 2021 15:04,0,0.016,
09 Dec 2021 15:05,0,0.019,
09 Dec 2021 15:06,0,0.017,
09 Dec 2021 15:07,0,0.023,
09 Dec 2021 15:08,0,0.018,
09 Dec 2021 15:09,0,0.02,
09 Dec 2021 15:10,0,0.022,
09 Dec 2021 15:11,0,0.023,
09 Dec 2021 15:12,0,0.023,
09 Dec 2021 15:13,33.78,0.024,
09 Dec 2021 15:14,29.85,0.011,
09 Dec 2021 15:15,22.6,0.006,
09 Dec 2021 15:16,19.4,0.003,
09 Dec 2021 15:17,14.77,0,
09 Dec 2021 15:18,9.49,0.005,
09 Dec 2021 15:19,6.54,0.003,
09 Dec 2021 15:20,4.54,0.008,
09 Dec 2021 15:21,1.79,0.007,
09 Dec 2021 15:22,0.88,0.008,
09 Dec 2021 15:23,0.63,0.009,
09 Dec 2021 15:24,14.61,0.011,
09 Dec 2021 15:25,19.94,0.009,
09 Dec 2021 15:26,20.37,0.002,
09 Dec 2021 15:27,18.05,0,
09 Dec 2021 15:28,17.01,0,
09 Dec 2021 15:29,16.4,0,
09 Dec 2021 15:30,15.21,0,
09 Dec 2021 15:31,14.75,0.001,
09 Dec 2021 15:32,14.28,0,
09 Dec 2021 15:33,13.83,0,
09 Dec 2021 15:34,13.38,0,
09 Dec 2021 15:35,12.69,0.002,
09 Dec 2021 15:36,12.21,0,
09 Dec 2021 15:37,11.79,0,
09 Dec 2021 15:38,11.14,0.002,
09 Dec 2021 15:39,10.63,0.001,
09 Dec 2021 15:40,10.17,0.002,
09 Dec 2021 15:41,9.94,0.002,
09 Dec 2021 15:42,9.37,0.003,
09 Dec 2021 15:43,8.74,0.004,
09 Dec 2021 15:44,8.23,0.004,
09 Dec 2021 15:45,7.79,0.005,
09 Dec 2021 15:46,7.51,0.006,
09 Dec 2021 15:47,7.18,0.005,
09 Dec 2021 15:48,6.74,0.005,
09 Dec 2021 15:49,6.48,0.005,
09 Dec 2021 15:50,5.95,0.005,
09 Dec 2021 15:51,5.56,0.007,
09 Dec 2021 15:52,5.24,0.006,
09 Dec 2021 15:53,4.86,0.006,
09 Dec 2021 15:54,4.58,0.007,
09 Dec 2021 15:55,4.36,0.009,
09 Dec 2021 15:56,3.95,0.007,
09 Dec 2021 15:57,3.71,0.008,
09 Dec 2021 15:58,3.44,0.01,
09 Dec 2021 15:59,3.1,0.009,
09 Dec 2021 16:00,2.74,0.009,
09 Dec 2021 16:01,2.47,0.009,
09 Dec 2021 16:02,2.05,0.01,
09 Dec 2021 16:03,1.83,0.011,
09 Dec 2021 16:04,1.56,0.011,
09 Dec 2021 16:05,7.92,0.013,
09 Dec 2021 16:06,24.63,0.013,
09 Dec 2021 16:07,25.52,0.001,
09 Dec 2021 16:08,23.08,0,
09 Dec 2021 16:09,22.41,0,
09 Dec 2021 16:10,21.57,0,
09 Dec 2021 16:11,20.01,0,
09 Dec 2021 16:12,17.08,0,
09 Dec 2021 16:13,14.9,0,
09 Dec 2021 16:14,12.61,0,
09 Dec 2021 16:15,11.17,0,
09 Dec 2021 16:16,9.71,0,
09 Dec 2021 16:17,8.06,0,
09 Dec 2021 16:18,7.42,0,
09 Dec 2021 16:19,7.06,0.002,
09 Dec 2021 16:20,6.29,0.001,
09 Dec 2021 16:21,5.69,0,
09 Dec 2021 16:22,5.38,0.003,
09 Dec 2021 16:23,4.95,0.003,
09 Dec 2021 16:24,4.71,0.003,
09 Dec 2021 16:25,4.41,0.003,
09 Dec 2021 16:26,3.94,0.002,
09 Dec 2021 16:27,3.69,0.005,
09 Dec 2021 16:28,3.42,0.004,
09 Dec 2021 16:29,2.98,0.006,
09 Dec 2021 16:30,2.77,0.005,
09 Dec 2021 16:31,2.61,0.004,
09 Dec 2021 16:32,2.35,0.005,
09 Dec 2021 16:33,2.17,0.004,
09 Dec 2021 16:34,1.88,0.004,
09 Dec 2021 16:35,1.71,0.006,
09 Dec 2021 16:36,1.59,0.005,
09 Dec 2021 16:37,1.41,0.006,
09 Dec 2021 16:38,1.3,0.006,
09 Dec 2021 16:39,1.19,0.005,
09 Dec 2021 16:40,1.03,0.006,
09 Dec 2021 16:41,0.95,0.005,
09 Dec 2021 16:42,11.12,0.01,
09 Dec 2021 16:43,75.87,0.012,
09 Dec 2021 16:44,76.09,0,
09 Dec 2021 16:45,73.91,0,
09 Dec 2021 16:46,69.97,0,
09 Dec 2021 16:47,66.84,0,
09 Dec 2021 16:48,63.35,0,
09 Dec 2021 16:49,54.55,0,
09 Dec 2021 16:50,27.33,0,
09 Dec 2021 16:51,10.62,0,
09 Dec 2021 16:52,7.25,0.001,
09 Dec 2021 16:53,6.33,0.001,
09 Dec 2021 16:54,5.89,0,
09 Dec 2021 16:55,5.34,0,
09 Dec 2021 16:56,4.96,0,
09 Dec 2021 16:57,4.59,0.001,
09 Dec 2021 16:58,4.05,0,
09 Dec 2021 16:59,3.75,0,
09 Dec 2021 17:00,3.49,0,
09 Dec 2021 17:01,3.28,0,
09 Dec 2021 17:02,3.14,0.001,
09 Dec 2021 17:03,3.02,0,
09 Dec 2021 17:04,2.76,0,
09 Dec 2021 17:05,2.62,0.001,
09 Dec 2021 17:06,2.52,0.001,
09 Dec 2021 17:07,2.33,0.001,
09 Dec 2021 17:08,2.22,0,
09 Dec 2021 17:09,2.09,0.002,
09 Dec 2021 17:10,1.95,0.002,
09 Dec 2021 17:11,1.88,0.002,
09 Dec 2021 17:12,1.81,0,
09 Dec 2021 17:13,1.72,0.001,
09 Dec 2021 17:14,1.65,0,
09 Dec 2021 17:15,1.58,0,
09 Dec 2021 17:16,1.49,0.001,
09 Dec 2021 17:17,1.43,0.002,
09 Dec 2021 17:18,1.3,0.001,
09 Dec 2021 17:19,1.23,0.001,
09 Dec 2021 17:20,1.18,0.004,
09 Dec 2021 17:21,0.92,0.001,
09 Dec 2021 17:22,0.81,0.003,
09 Dec 2021 17:23,0.78,0.003,
09 Dec 2021 17:24,0.73,0.003,
09 Dec 2021 17:25,0.68,0.004,
09 Dec 2021 17:26,0.65,0.004,
09 Dec 2021 17:27,0,0.007,
09 Dec 2021 17:28,0,0.006,
09 Dec 2021 17:29,0,0.009,
09 Dec 2021 17:30,0,0.006,
09 Dec 2021 17:31,0,0.006,
09 Dec 2021 17:32,0,0.01,
09 Dec 2021 17:33,0,0.016,
09 Dec 2021 17:34,0,0.02,
09 Dec 2021 17:35,0.04,0.018,
09 Dec 2021 17:36,0.24,0.017,
09 Dec 2021 17:37,0.33,0.019,
09 Dec 2021 17:38,0.44,0.018,
09 Dec 2021 17:39,0.65,0.017,
09 Dec 2021 17:40,0.76,0.017,
09 Dec 2021 17:41,0.82,0.017,
09 Dec 2021 17:42,0.95,0.017,
09 Dec 2021 17:43,1,0.017,
09 Dec 2021 17:44,1.04,0.018,
09 Dec 2021 17:45,1.02,0.017,
09 Dec 2021 17:46,1.08,0.016,
09 Dec 2021 17:47,1.19,0.016,
09 Dec 2021 17:48,1.27,0.017,
09 Dec 2021 17:49,1.33,0.017,
09 Dec 2021 17:50,1.35,0.019,
09 Dec 2021 17:51,1.35,0.019,
09 Dec 2021 17:52,1.22,0.018,
09 Dec 2021 17:53,1.03,0.018,
09 Dec 2021 17:54,0.71,0.016,
09 Dec 2021 17:55,0.53,0.016,
09 Dec 2021 17:56,0.35,0.016,
09 Dec 2021 17:57,0.12,0.016,
09 Dec 2021 17:58,0.03,0.016,
09 Dec 2021 17:59,0,0.016,
09 Dec 2021 18:00,0,0.017,
09 Dec 2021 18:01,4.71,0.018,
09 Dec 2021 18:02,5.87,0.016,
09 Dec 2021 18:03,5.58,0.013,
09 Dec 2021 18:04,5.22,0.01,
09 Dec 2021 18:05,4.79,0.01,
09 Dec 2021 18:06,4.5,0.008,
09 Dec 2021 18:07,4.33,0.008,
09 Dec 2021 18:08,4.14,0.008,
09 Dec 2021 18:09,4.02,0.007,
09 Dec 2021 18:10,3.9,0.006,
09 Dec 2021 18:11,3.73,0.007,
09 Dec 2021 18:12,3.65,0.007,
09 Dec 2021 18:13,3.57,0.007,
09 Dec 2021 18:14,3.49,0.007,
09 Dec 2021 18:15,3.44,0.006,
09 Dec 2021 18:16,3.37,0.006,
09 Dec 2021 18:17,3.31,0.006,
09 Dec 2021 18:18,3.22,0.007,
09 Dec 2021 18:19,3.16,0.005,
09 Dec 2021 18:20,3.06,0.007,
09 Dec 2021 18:21,2.99,0.006,
09 Dec 2021 18:22,2.9,0.005,
09 Dec 2021 18:23,2.82,0.006,
09 Dec 2021 18:24,2.75,0.005,
09 Dec 2021 18:25,2.69,0.006,
09 Dec 2021 18:26,2.53,0.006,
09 Dec 2021 18:27,2.46,0.005,
09 Dec 2021 18:28,2.41,0.006,
09 Dec 2021 18:29,2.32,0.005,
09 Dec 2021 18:30,2.3,0.006,
09 Dec 2021 18:31,2.25,0.004,
09 Dec 2021 18:32,2.21,0.004,
09 Dec 2021 18:33,2.13,0.004,
09 Dec 2021 18:34,2.08,0.007,
09 Dec 2021 18:35,2,0.005,
09 Dec 2021 18:36,1.93,0.006,
09 Dec 2021 18:37,1.9,0.005,
09 Dec 2021 18:38,1.84,0.005,
09 Dec 2021 18:39,1.82,0.004,
09 Dec 2021 18:40,1.71,0.004,
09 Dec 2021 18:41,1.71,0.006,
09 Dec 2021 18:42,1.69,0.004,
09 Dec 2021 18:43,1.63,0.004,
09 Dec 2021 18:44,1.59,0.003,
09 Dec 2021 18:45,1.54,0.004,
09 Dec 2021 18:46,1.5,0.005,
09 Dec 2021 18:47,1.44,0.004,
09 Dec 2021 18:48,1.43,0.004,
09 Dec 2021 18:49,1.37,0.004,
09 Dec 2021 18:50,1.34,0.006,
09 Dec 2021 18:51,1.32,0.004,
09 Dec 2021 18:52,1.28,0.005,
09 Dec 2021 18:53,1.25,0.004,
09 Dec 2021 18:54,1.22,0.004,
09 Dec 2021 18:55,1.17,0.005,
09 Dec 2021 18:56,1.15,0.005,
09 Dec 2021 18:57,1.11,0.006,
09 Dec 2021 18:58,1.08,0.005,
09 Dec 2021 18:59,1.07,0.005,
09 Dec 2021 19:00,1.06,0.004,
09 Dec 2021 19:01,1.01,0.005,
09 Dec 2021 19:02,0.99,0.004,
09 Dec 2021 19:03,1,0.005,
09 Dec 2021 19:04,0.98,0.006,
09 Dec 2021 19:05,0.95,0.003,
09 Dec 2021 19:06,0.94,0.004,
09 Dec 2021 19:07,0.92,0.004,
09 Dec 2021 19:08,0.92,0.004,
09 Dec 2021 19:09,0.91,0.004,
09 Dec 2021 19:10,0.88,0.003,
09 Dec 2021 19:11,0.87,0.004,
09 Dec 2021 19:12,0.84,0.003,
09 Dec 2021 19:13,0.83,0.003,
09 Dec 2021 19:14,0.83,0.003,
09 Dec 2021 19:15,0.83,0.005,
09 Dec 2021 19:16,0.79,0.003,
09 Dec 2021 19:17,0.8,0.003,
09 Dec 2021 19:18,0.8,0.004,
09 Dec 2021 19:19,0.77,0.004,
09 Dec 2021 19:20,0.77,0.003,
09 Dec 2021 19:21,0.75,0.004,
09 Dec 2021 19:22,0.75,0.003,
09 Dec 2021 19:23,0.72,0.004,
09 Dec 2021 19:24,0.71,0.002,
09 Dec 2021 19:25,0.69,0.002,
09 Dec 2021 19:26,0.67,0.003,
09 Dec 2021 19:27,0.65,0.002,
09 Dec 2021 19:28,0.64,0.004,
09 Dec 2021 19:29,0.62,0.002,
09 Dec 2021 19:30,0.64,0.002,
09 Dec 2021 19:31,0.6,0.003,
09 Dec 2021 19:32,0.58,0.004,
09 Dec 2021 19:33,0.56,0.002,
09 Dec 2021 19:34,0.55,0.002,
09 Dec 2021 19:35,0.55,0.003,
09 Dec 2021 19:36,0.55,0.002,
09 Dec 2021 19:37,0.56,0.004,
09 Dec 2021 19:38,0.54,0.003,
09 Dec 2021 19:39,0.53,0.004,
09 Dec 2021 19:40,0.52,0.003,
09 Dec 2021 19:41,0.51,0.003,
09 Dec 2021 19:42,0.52,0.002,
09 Dec 2021 19:43,0.48,0.004,
09 Dec 2021 19:44,0.46,0.005,
09 Dec 2021 19:45,0.47,0.004,
09 Dec 2021 19:46,0.43,0.003,
09 Dec 2021 19:47,0.43,0.003,
09 Dec 2021 19:48,0.41,0.003,
09 Dec 2021 19:49,0.43,0.003,
09 Dec 2021 19:50,0.41,0.003,
09 Dec 2021 19:51,0.38,0.003,
09 Dec 2021 19:52,0.42,0.003,
09 Dec 2021 19:53,0.39,0.004,
09 Dec 2021 19:54,0.39,0.003,
09 Dec 2021 19:55,0.38,0.004,
09 Dec 2021 19:56,0.39,0.003,
09 Dec 2021 19:57,0.38,0.002,
09 Dec 2021 19:58,0.39,0.003,
09 Dec 2021 19:59,0.37,0.003,
09 Dec 2021 20:00,0.36,0.003,
09 Dec 2021 20:01,0.36,0.003,
09 Dec 2021 20:02,0.32,0.002,
09 Dec 2021 20:03,0.33,0.002,
09 Dec 2021 20:04,0.32,0.002,
09 Dec 2021 20:05,0.32,0.004,
09 Dec 2021 20:06,0.31,0.004,
09 Dec 2021 20:07,0.31,0.004,
09 Dec 2021 20:08,0.33,0.004,
09 Dec 2021 20:09,0.31,0.002,
09 Dec 2021 20:10,0.32,0.002,
09 Dec 2021 20:11,0.31,0.003,
09 Dec 2021 20:12,0.31,0.004,
09 Dec 2021 20:13,0.29,0.004,
09 Dec 2021 20:14,0.28,0.004,
09 Dec 2021 20:15,0.31,0.004,
09 Dec 2021 20:16,0.29,0.003,
09 Dec 2021 20:17,0.29,0.004,
09 Dec 2021 20:18,0.29,0.002,
09 Dec 2021 20:19,0.28,0.003,
09 Dec 2021 20:20,0.28,0.004,
09 Dec 2021 20:21,0.28,0.002,
09 Dec 2021 20:22,0.27,0.004,
09 Dec 2021 20:23,0.27,0.004,
09 Dec 2021 20:24,0.25,0.002,
09 Dec 2021 20:25,0.02,0.019,
09 Dec 2021 20:26,0.48,0.027,
09 Dec 2021 20:27,1.02,0.023,
09 Dec 2021 20:28,1.61,0.023,
09 Dec 2021 20:29,2.28,0.021,
09 Dec 2021 20:30,2.62,0.022,
09 Dec 2021 20:31,2.85,0.021,
09 Dec 2021 20:32,2.88,0.018,
09 Dec 2021 20:33,2.82,0.019,
09 Dec 2021 20:34,2.76,0.016,
09 Dec 2021 20:35,2.81,0.017,
09 Dec 2021 20:36,2.77,0.018,
09 Dec 2021 20:37,2.62,0.018,
09 Dec 2021 20:38,2.31,0.016,
09 Dec 2021 20:39,2.2,0.017,
09 Dec 2021 20:40,2.09,0.017,
09 Dec 2021 20:41,1.91,0.017,
09 Dec 2021 20:42,1.88,0.017,
09 Dec 2021 20:43,1.87,0.017,
09 Dec 2021 20:44,1.89,0.018,
09 Dec 2021 20:45,1.86,0.017,
09 Dec 2021 20:46,1.7,0.018,
09 Dec 2021 20:47,1.54,0.017,
09 Dec 2021 20:48,1.45,0.019,
09 Dec 2021 20:49,1.35,0.018,
09 Dec 2021 20:50,1.19,0.017,
09 Dec 2021 20:51,1.15,0.018,
09 Dec 2021 20:52,1.09,0.017,
09 Dec 2021 20:53,1.09,0.019,
09 Dec 2021 20:54,1.07,0.019,
09 Dec 2021 20:55,1.01,0.019,
09 Dec 2021 20:56,0.91,0.019,
09 Dec 2021 20:57,0.78,0.019,
09 Dec 2021 20:58,0.6,0.021,
09 Dec 2021 20:59,0.52,0.021,
09 Dec 2021 21:00,0.58,0.019,
09 Dec 2021 21:01,0.64,0.02,
09 Dec 2021 21:02,0.65,0.019,
09 Dec 2021 21:03,0.72,0.02,
09 Dec 2021 21:04,0.79,0.021,
09 Dec 2021 21:05,0.76,0.02,
09 Dec 2021 21:06,0.76,0.02,
09 Dec 2021 21:07,0.68,0.019,
09 Dec 2021 21:08,0.66,0.02,
09 Dec 2021 21:09,0.59,0.019,
09 Dec 2021 21:10,0.57,0.02,
09 Dec 2021 21:11,0.61,0.02,
09 Dec 2021 21:12,0.58,0.019,
09 Dec 2021 21:13,0.53,0.019,
09 Dec 2021 21:14,0.56,0.02,
09 Dec 2021 21:15,0.64,0.02,
09 Dec 2021 21:16,0.64,0.021,
09 Dec 2021 21:17,0.7,0.019,
09 Dec 2021 21:18,0.64,0.018,
09 Dec 2021 21:19,0.67,0.019,
09 Dec 2021 21:20,0.66,0.017,
09 Dec 2021 21:21,0.71,0.02,
09 Dec 2021 21:22,0.62,0.019,
09 Dec 2021 21:23,0.56,0.019,
09 Dec 2021 21:24,0.53,0.019,
09 Dec 2021 21:25,0.52,0.02,
09 Dec 2021 21:26,0.42,0.017,
09 Dec 2021 21:27,0.35,0.02,
09 Dec 2021 21:28,0.37,0.02,
09 Dec 2021 21:29,0.32,0.019,
09 Dec 2021 21:30,0.36,0.019,
09 Dec 2021 21:31,0.36,0.019,
09 Dec 2021 21:32,0.35,0.022,
09 Dec 2021 21:33,0.28,0.02,
09 Dec 2021 21:34,0.34,0.019,
09 Dec 2021 21:35,0.34,0.019,
09 Dec 2021 21:36,0.32,0.02,
09 Dec 2021 21:37,0.29,0.018,
09 Dec 2021 21:38,0.29,0.018,
09 Dec 2021 21:39,0.2,0.016,
09 Dec 2021 21:40,0.23,0.019,
09 Dec 2021 21:41,0.18,0.018,
09 Dec 2021 21:42,0.18,0.019,
09 Dec 2021 21:43,0.21,0.019,
09 Dec 2021 21:44,0.15,0.018,
09 Dec 2021 21:45,0.22,0.018,
09 Dec 2021 21:46,0.18,0.019,
09 Dec 2021 21:47,0.2,0.017,
09 Dec 2021 21:48,0.13,0.018,
09 Dec 2021 21:49,0.09,0.017,
09 Dec 2021 21:50,0.05,0.018,
09 Dec 2021 21:51,0.09,0.018,
09 Dec 2021 21:52,0.16,0.017,
09 Dec 2021 21:53,0.16,0.017,
09 Dec 2021 21:54,0.16,0.017,
09 Dec 2021 21:55,0.18,0.018,
09 Dec 2021 21:56,0.22,0.019,
09 Dec 2021 21:57,0.35,0.017,
09 Dec 2021 21:58,0.33,0.017,
09 Dec 2021 21:59,0.27,0.018,
09 Dec 2021 22:00,0.15,0.017,
09 Dec 2021 22:01,0.11,0.016,
09 Dec 2021 22:02,0.11,0.016,
09 Dec 2021 22:03,0.1,0.018,
09 Dec 2021 22:04,0.11,0.018,
09 Dec 2021 22:05,0.18,0.018,
09 Dec 2021 22:06,0.2,0.017,
09 Dec 2021 22:07,0.23,0.017,
09 Dec 2021 22:08,0.31,0.017,
09 Dec 2021 22:09,0.27,0.015,
09 Dec 2021 22:10,0.24,0.018,
09 Dec 2021 22:11,0.26,0.017,
09 Dec 2021 22:12,0.21,0.018,
09 Dec 2021 22:13,0.09,0.016,
09 Dec 2021 22:14,0,0.016,
09 Dec 2021 22:15,0.24,0.01,
09 Dec 2021 22:16,0,0.016,
09 Dec 2021 22:17,0,0.018,
09 Dec 2021 22:18,0.07,0.017,
09 Dec 2021 22:19,0.1,0.018,
09 Dec 2021 22:20,0.05,0.017,
09 Dec 2021 22:21,0.12,0.02,
09 Dec 2021 22:22,0.05,0.017,
09 Dec 2021 22:23,0,0.018,
09 Dec 2021 22:24,0.08,0.018,
09 Dec 2021 22:25,0.06,0.018,
09 Dec 2021 22:26,0.02,0.017,
09 Dec 2021 22:27,0,0.021,
09 Dec 2021 22:28,0,0.013,
09 Dec 2021 22:29,0,0.017,
09 Dec 2021 22:30,0,0.02,
09 Dec 2021 22:31,0.63,0.022,
09 Dec 2021 22:32,3.72,0.016,
09 Dec 2021 22:33,3.5,0.015,
09 Dec 2021 22:34,3.19,0.016,
09 Dec 2021 22:35,2.78,0.014,
09 Dec 2021 22:36,2.57,0.014,
09 Dec 2021 22:37,2.43,0.013,
09 Dec 2021 22:38,2.26,0.013,
09 Dec 2021 22:39,2.18,0.012,
09 Dec 2021 22:40,2.12,0.011,
09 Dec 2021 22:41,2.03,0.011,
09 Dec 2021 22:42,2.01,0.012,
09 Dec 2021 22:43,1.99,0.012,
09 Dec 2021 22:44,1.96,0.012,
09 Dec 2021 22:45,1.97,0.011,
09 Dec 2021 22:46,1.92,0.012,
09 Dec 2021 22:47,1.92,0.01,
09 Dec 2021 22:48,1.93,0.011,
09 Dec 2021 22:49,1.93,0.012,
09 Dec 2021 22:50,1.93,0.012,
09 Dec 2021 22:51,1.91,0.011,
09 Dec 2021 22:52,1.89,0.009,
09 Dec 2021 22:53,1.88,0.011,
09 Dec 2021 22:54,1.89,0.012,
09 Dec 2021 22:55,1.88,0.01,
09 Dec 2021 22:56,1.87,0.01,
09 Dec 2021 22:57,1.89,0.01,
09 Dec 2021 22:58,1.87,0.011,
09 Dec 2021 22:59,1.86,0.01,
09 Dec 2021 23:00,1.84,0.011,
09 Dec 2021 23:01,1.8,0.011,
09 Dec 2021 23:02,1.8,0.01,
09 Dec 2021 23:03,1.79,0.011,
09 Dec 2021 23:04,1.77,0.011,
09 Dec 2021 23:05,1.76,0.01,
09 Dec 2021 23:06,1.73,0.011,
09 Dec 2021 23:07,1.69,0.01,
09 Dec 2021 23:08,1.73,0.011,
09 Dec 2021 23:09,1.7,0.011,
09 Dec 2021 23:10,1.67,0.01,
09 Dec 2021 23:11,1.65,0.01,
09 Dec 2021 23:12,1.63,0.009,
09 Dec 2021 23:13,1.59,0.011,
09 Dec 2021 23:14,1.59,0.01,
09 Dec 2021 23:15,1.56,0.01,
09 Dec 2021 23:16,1.54,0.009,
09 Dec 2021 23:17,1.53,0.011,
09 Dec 2021 23:18,1.5,0.009,
09 Dec 2021 23:19,1.48,0.009,
09 Dec 2021 23:20,1.46,0.011,
09 Dec 2021 23:21,1.43,0.01,
09 Dec 2021 23:22,1.42,0.011,
09 Dec 2021 23:23,1.41,0.009,
09 Dec 2021 23:24,1.36,0.008,
09 Dec 2021 23:25,1.34,0.009,
09 Dec 2021 23:26,1.31,0.009,
09 Dec 2021 23:27,1.28,0.011,
09 Dec 2021 23:28,1.27,0.01,
09 Dec 2021 23:29,1.23,0.01,
09 Dec 2021 23:30,1.23,0.009,
09 Dec 2021 23:31,1.2,0.01,
09 Dec 2021 23:32,1.02,0.01,
09 Dec 2021 23:33,0.15,0.014,
09 Dec 2021 23:34,0.64,0.015,
09 Dec 2021 23:35,1.28,0.013,
09 Dec 2021 23:36,1.88,0.014,
09 Dec 2021 23:37,2.06,0.013,
09 Dec 2021 23:38,2.13,0.013,
09 Dec 2021 23:39,2.26,0.015,
09 Dec 2021 23:40,2.36,0.015,
09 Dec 2021 23:41,2.42,0.011,
09 Dec 2021 23:42,2.33,0.013,
09 Dec 2021 23:43,2.14,0.012,
09 Dec 2021 23:44,2.06,0.014,
09 Dec 2021 23:45,1.95,0.014,
09 Dec 2021 23:46,1.9,0.013,
09 Dec 2021 23:47,1.75,0.012,
09 Dec 2021 23:48,1.55,0.011,
09 Dec 2021 23:49,1.38,0.013,
09 Dec 2021 23:50,1.28,0.013,
09 Dec 2021 23:51,1.2,0.014,
09 Dec 2021 23:52,1.15,0.014,
09 Dec 2021 23:53,1.12,0.013,
09 Dec 2021 23:54,1.01,0.013,
09 Dec 2021 23:55,0.99,0.014,
09 Dec 2021 23:56,0.9,0.014,
09 Dec 2021 23:57,0.36,0.015,
09 Dec 2021 23:58,0,0.013,
09 Dec 2021 23:59,0,0.014,
10 Dec 2021 00:00,0,0.013,
10 Dec 2021 00:01,0,0.014,
10 Dec 2021 00:02,0,0.014,
